<?xml version="1.0" encoding="UTF-8"?>
<beans xmlns="http://www.springframework.org/schema/beans"
       xmlns:xsi="http://www.w3.org/2001/XMLSchema-instance"
       xmlns:context="http://www.springframework.org/schema/context"
       xmlns:aop="http://www.springframework.org/schema/aop"
       xmlns:tx="http://www.springframework.org/schema/tx" xmlns:content="http://www.springframework.org/schema/context"
       xsi:schemaLocation="http://www.springframework.org/schema/beans
        http://www.springframework.org/schema/beans/spring-beans.xsd
        http://www.springframework.org/schema/context
        http://www.springframework.org/schema/context/spring-context.xsd
        http://www.springframework.org/schema/aop
        http://www.springframework.org/schema/aop/spring-aop.xsd
        http://www.springframework.org/schema/cache
        http://www.springframework.org/schema/cache/spring-cache.xsd
        http://www.springframework.org/schema/tx
        http://www.springframework.org/schema/tx/spring-tx.xsd">


        <!--    引入外部属性文件    -->
        <content:property-placeholder location="classpath:jdbc.properties" />

        <!--    配置C3P0连接池    -->
        <bean id="dataSource" class="com.mchange.v2.c3p0.ComboPooledDataSource">
                <property name="driverClass" value="${jdbc.driverClass}" />
                <property name="jdbcUrl" value="${jdbc.url}" />
                <property name="user" value="${jdbc.username}" />
                <property name="password" value="${jdbc.password}" />
        </bean>


<!--  Spring整合Hibernate  -->
        <!--  引入 Hibernate 的配置信息  -->
        <bean id="sessionFactory" class="org.springframework.orm.hibernate4.LocalSessionFactoryBean">
                <!--  引入Hibernate的配置文件  -->
                <!--  注入连接池  -->
                <property name="dataSource" ref="dataSource" />
                
                <!--  配置Hibernate相关属性  -->
                <property name="hibernateProperties">
                        <props>
                                <!-- 方言 -->
                                <prop key="hibernate.dialect">org.hibernate.dialect.MySQLDialect</prop>
                                <!-- 显示sql -->
                                <prop key="hibernate.show_sql">true</prop>
                                <!-- 是否格式化sql语句 -->
                                <prop key="hibernate.format_sql">true</prop>
                                <!-- update:如果数据库有没表，自动帮你创表 -->
                                <prop key="hibernate.hbm2ddl.auto">update</prop>
                        </props>
                </property>

                <!-- 设置映射文件 -->
                <property name="mappingResources">
                        <list>
                                <value>com/q/ssh/domain/Customer.hbm.xml</value>
                        </list>
                </property>
        </bean>

        <!--  配置 Serveice  -->
        <bean id="customerService" class="com.q.ssh.service.impl.CustomerServiceImpl" scope="prototype">
                <property name="customerDao" ref="customerDao" />
        </bean>


        <!--  配置 Action  （将 Action 交给 Spring 管理）-->
        <bean id="customerAction" class="com.q.ssh.web.action.CustomerAction">
                <!--  需要手动注入 Service  -->
                <property name="customerService" ref="customerService" />
        </bean>


        <!--  配置DAO  -->
        <bean id="customerDao" class="com.q.ssh.dao.impl.CustomerDaoImpl">
                <property name="sessionFactory" ref="sessionFactory" />
        </bean>

        <!-- 配置事务管理器  -->
        <bean id="transactionManager" class="org.springframework.orm.hibernate4.HibernateTransactionManager">
                <property name="sessionFactory" ref="sessionFactory"/>
        </bean>

        <!-- 开启注解事务  -->
        <tx:annotation-driven transaction-manager="transactionManager" />

</beans>

























