<?xml version="1.0" encoding="UTF-8" ?>
<!DOCTYPE struts PUBLIC
        "-//Apache Software Foundation//DTD Struts Configuration 2.3//EN"
        "http://struts.apache.org/dtds/struts-2.3.dtd">

<struts>
    <!--  配置Struts2 的常量  -->
    <constant name="struts.devMode" value="true" />

    <!--  配置Action  -->
    <package name="ssh1" namespace="/" extends="struts-default">
<!--        <action name="customer_*" class="com.q.ssh.web.action.CustomerAction" method="{1}" />-->
<!--        <action name="customer_*" class="customerAction" method="{1}" />-->

        <action name="customer_*" class="customerAction" method="{1}">
            <result name="list">/jsp/get.jsp</result>
        </action>

    </package>


</struts>


















