<?xml version="1.0" encoding="UTF-8"?>
<beans xmlns="http://www.springframework.org/schema/beans"
       xmlns:xsi="http://www.w3.org/2001/XMLSchema-instance"
       xmlns:context="http://www.springframework.org/schema/context"
       xmlns:aop="http://www.springframework.org/schema/aop"
       xmlns:tx="http://www.springframework.org/schema/tx"
       xsi:schemaLocation="http://www.springframework.org/schema/beans
        http://www.springframework.org/schema/beans/spring-beans.xsd
        http://www.springframework.org/schema/context
        http://www.springframework.org/schema/context/spring-context.xsd
        http://www.springframework.org/schema/aop
        http://www.springframework.org/schema/aop/spring-aop.xsd
        http://www.springframework.org/schema/cache
        http://www.springframework.org/schema/cache/spring-cache.xsd
        http://www.springframework.org/schema/tx
        http://www.springframework.org/schema/tx/spring-tx.xsd">


<!--  Spring整合 Hibernate  -->
        <!--  引入 Hibernate 的配置信息  -->
        <bean id="sessionFactory" class="org.springframework.orm.hibernate4.LocalSessionFactoryBean">
                <!--  引入Hibernate的配置文件  -->
                <property name="configLocation" value="classpath:hibernate.cfg.xml"></property>
        </bean>

        <!--  配置 Serveice  -->
        <bean id="customerService" class="com.q.ssh.service.impl.CustomerServiceImpl" scope="prototype">
                <property name="customerDao" ref="customerDao" />
        </bean>

        <!--  配置 Action  （将 Action 交给 Spring 管理）-->
        <bean id="customerAction" class="com.q.ssh.web.action.CustomerAction">
                <!--  需要手动注入 Service  -->
                <property name="customerService" ref="customerService" />
        </bean>


        <!--  配置DAO  -->
        <bean id="customerDao" class="com.q.ssh.dao.impl.CustomerDaoImpl">
                <property name="sessionFactory" ref="sessionFactory" />
        </bean>

        <!-- 配置事务 管理器  -->
        <bean id="transactionManager" class="org.springframework.orm.hibernate4.HibernateTransactionManager">
                <property name="sessionFactory" ref="sessionFactory"/>
        </bean>

        <!-- 开启注解事务  -->
        <tx:annotation-driven transaction-manager="transactionManager" />

</beans>

























