<!DOCTYPE hibernate-configuration PUBLIC
	"-//Hibernate/Hibernate Configuration DTD 3.0//EN"
	"http://www.hibernate.org/dtd/hibernate-configuration-3.0.dtd">

<hibernate-configuration>
	<session-factory>
		<!-- 1、配置数据库连接的4个参数 -->
		<property name="hibernate.connection.driver_class">com.mysql.jdbc.Driver</property>
		<property name="hibernate.connection.url">jdbc:mysql://localhost:3306/ssh_01</property>
		<property name="hibernate.connection.username">root</property>
		<property name="hibernate.connection.password">chaoqi</property>

		<!-- 是否显示sql语句 -->
		<property name="show_sql">true</property>
		
		<!-- 是否格式化sql语句 -->
		<property name="format_sql">true</property>
		
		<!-- 是否自动提交事务：针对insert有效，针对delete无效 -->
		<property name="hibernate.connection.autocommit">true</property>

		<!--
			update:如果数据库有没表，自动帮你创表【常用】
				      如果hbm与数据表不一样，会更新
			create:每次启动hibernate都帮你创建表
			create-drop,每次启动hibernate都帮你创建表,执行完后删除表
			validate:检验hbm文件，如果与数据库的字符不一至，就抛出异常【过掉】
		-->
		<property name="hibernate.hbm2ddl.auto">update</property>


		<!-- 配置 c3p0 -->
		<property name="hibernate.connection.provider_class">org.hibernate.c3p0.internal.C3P0ConnectionProvider</property>
		<property name="hibernate.c3p0.max_size">2</property>
		<property name="hibernate.c3p0.min_size">2</property>
		<property name="hibernate.c3p0.timeout">5000</property>
		<property name="hibernate.c3p0.max_statements">100</property>
		<property name="hibernate.c3p0.idle_test_period">3000</property>
		<property name="hibernate.c3p0.acquire_increment">2</property>
		<property name="hibernate.c3p0.validate">false</property>


		<!-- 配置值 JavaBean 与表的映射文件 -->
		<mapping resource="com/q/ssh/domain/Customer.hbm.xml" />

	</session-factory>
</hibernate-configuration>






























