<!DOCTYPE hibernate-mapping PUBLIC
        "-//Hibernate/Hibernate Mapping DTD 3.0//EN"
        "http://www.hibernate.org/dtd/hibernate-mapping-3.0.dtd">

<hibernate-mapping package="com.q.ssh.domain">

    <class name="Customer" table="cst_customer">
        <id name="id">
            <generator class="native"></generator>
        </id>


        <property name="name"></property>
        <property name="level"></property>
        <property name="industry"></property>
        <property name="phone"></property>
    </class>

</hibernate-mapping>